user_id,timestamp
user_1,2025-06-03T09:25:03.577854
user_2,2025-05-19T09:25:03.577878
user_3,2025-06-12T09:25:03.577884
user_4,2025-05-18T09:25:03.577889
user_5,2025-06-06T09:25:03.577895
user_6,2025-06-01T09:25:03.577900
user_7,2025-05-21T09:25:03.577905
user_8,2025-06-03T09:25:03.577911
user_9,2025-06-01T09:25:03.577925
user_10,2025-05-28T09:25:03.577933
user_11,2025-05-19T09:25:03.577942
user_12,2025-05-23T09:25:03.577958
user_13,2025-05-24T09:25:03.577966
user_14,2025-06-07T09:25:03.577973
user_15,2025-05-30T09:25:03.577981
user_16,2025-06-12T09:25:03.577988
user_17,2025-06-10T09:25:03.577995
user_18,2025-05-21T09:25:03.577999
user_19,2025-06-02T09:25:03.578003
user_20,2025-05-17T09:25:03.578008
user_21,2025-05-30T09:25:03.578012
user_22,2025-06-13T09:25:03.578016
user_23,2025-06-04T09:25:03.578020
user_24,2025-06-08T09:25:03.578024
user_25,2025-05-31T09:25:03.578029
user_26,2025-06-12T09:25:03.578036
user_27,2025-06-01T09:25:03.578043
user_28,2025-06-10T09:25:03.578050
user_29,2025-05-25T09:25:03.578057
user_30,2025-05-31T09:25:03.578073
user_31,2025-06-13T09:25:03.578079
user_32,2025-05-28T09:25:03.578083
user_33,2025-06-02T09:25:03.578088
user_34,2025-05-15T09:25:03.578105
user_35,2025-05-23T09:25:03.578109
user_36,2025-05-31T09:25:03.578113
user_37,2025-05-16T09:25:03.578118
user_38,2025-05-24T09:25:03.578122
user_39,2025-06-04T09:25:03.578126
user_40,2025-05-30T09:25:03.578130
user_41,2025-05-28T09:25:03.578135
user_42,2025-06-11T09:25:03.578141
user_43,2025-05-31T09:25:03.578147
user_44,2025-06-09T09:25:03.578154
user_45,2025-06-11T09:25:03.578161
user_46,2025-05-22T09:25:03.578169
user_47,2025-06-13T09:25:03.578183
user_48,2025-05-28T09:25:03.578187
user_49,2025-06-05T09:25:03.578191
user_50,2025-05-19T09:25:03.578195
user_51,2025-05-17T09:25:03.578199
user_52,2025-06-09T09:25:03.578204
user_53,2025-05-30T09:25:03.578208
user_54,2025-05-31T09:25:03.578212
user_55,2025-05-26T09:25:03.578216
user_56,2025-06-06T09:25:03.578221
user_57,2025-06-02T09:25:03.578225
user_58,2025-05-20T09:25:03.578229
user_59,2025-05-21T09:25:03.578233
user_60,2025-06-09T09:25:03.578238
user_61,2025-06-02T09:25:03.578242
user_62,2025-05-26T09:25:03.578246
user_63,2025-05-23T09:25:03.578250
user_64,2025-06-08T09:25:03.578254
user_65,2025-06-04T09:25:03.578260
user_66,2025-05-25T09:25:03.578267
user_67,2025-05-19T09:25:03.578275
user_68,2025-06-10T09:25:03.578281
user_69,2025-06-05T09:25:03.578289
user_70,2025-06-10T09:25:03.578299
user_71,2025-05-20T09:25:03.578312
user_72,2025-06-06T09:25:03.578318
user_73,2025-06-05T09:25:03.578322
user_74,2025-05-26T09:25:03.578326
user_75,2025-06-06T09:25:03.578330
user_76,2025-06-09T09:25:03.578334
user_77,2025-05-31T09:25:03.578339
user_78,2025-05-20T09:25:03.578343
user_79,2025-06-11T09:25:03.578347
user_80,2025-05-28T09:25:03.578351
user_81,2025-06-05T09:25:03.578355
user_82,2025-06-07T09:25:03.578359
user_83,2025-05-24T09:25:03.578363
user_84,2025-06-06T09:25:03.578367
user_85,2025-05-31T09:25:03.578371
user_86,2025-05-21T09:25:03.578375
user_87,2025-05-28T09:25:03.578379
user_88,2025-05-28T09:25:03.578384
user_89,2025-05-26T09:25:03.578388
user_90,2025-06-04T09:25:03.578392
user_91,2025-05-16T09:25:03.578396
user_92,2025-06-04T09:25:03.578400
user_93,2025-05-28T09:25:03.578405
user_94,2025-05-19T09:25:03.578409
user_95,2025-05-19T09:25:03.578413
user_96,2025-05-28T09:25:03.578417
user_97,2025-05-26T09:25:03.578421
user_98,2025-06-11T09:25:03.578425
user_99,2025-05-25T09:25:03.578429
user_100,2025-06-05T09:25:03.578433
